{
	"textures": {
		"0": "animated_java:blueprint/dragonie_mini/dragon",
		"particle": "minecraft:item/pufferfish"
	},
	"display": {
		"head": {
			"rotation": [0, 180, 0]
		}
	},
	"elements": [
		{
			"from": [14.48649, 27.45946, -1.08108],
			"to": [16.43243, 32, 0.86486],
			"rotation": {
				"angle": 22.5,
				"axis": "x",
				"origin": [20.64865, 12.21622, -5.94595]
			},
			"faces": {
				"north": {
					"uv": [5.07937, 2.28571, 5.71429, 3.93651],
					"texture": "#0"
				},
				"east": {
					"uv": [4.44444, 2.28571, 5.07937, 3.93651],
					"texture": "#0"
				},
				"south": {
					"uv": [6.34921, 2.28571, 6.98413, 3.93651],
					"texture": "#0"
				},
				"west": {
					"uv": [5.71429, 2.28571, 6.34921, 3.93651],
					"texture": "#0"
				},
				"up": {
					"uv": [5.71429, 2.28571, 5.07937, 1.65079],
					"texture": "#0"
				},
				"down": {
					"uv": [6.34921, 1.65079, 5.71429, 2.28571],
					"texture": "#0"
				}
			}
		},
		{
			"from": [14.48649, 18.7027, 11.89189],
			"to": [16.43243, 21.94595, 12.54054],
			"rotation": {
				"angle": -45,
				"axis": "x",
				"origin": [20.64865, 14.81081, 6.37838]
			},
			"faces": {
				"north": {
					"uv": [8.88889, 0.38095, 9.26984, 1.77778],
					"texture": "#0"
				},
				"east": {
					"uv": [8.50794, 0.38095, 8.88889, 1.77778],
					"texture": "#0"
				},
				"south": {
					"uv": [9.65079, 0.38095, 10.03175, 1.77778],
					"texture": "#0"
				},
				"west": {
					"uv": [9.26984, 0.38095, 9.65079, 1.77778],
					"texture": "#0"
				},
				"up": {
					"uv": [9.26984, 0.38095, 8.88889, 0],
					"texture": "#0"
				},
				"down": {
					"uv": [9.65079, 0, 9.26984, 0.38095],
					"texture": "#0"
				}
			}
		},
		{
			"from": [14.16216, 20.97297, 5.08108],
			"to": [16.75676, 21.62162, 8.32432],
			"rotation": {
				"angle": 0,
				"axis": "y",
				"origin": [20.64865, 20.32432, 3.45946]
			},
			"faces": {
				"north": {
					"uv": [9.33333, 1.52381, 8.57143, 1.90476],
					"texture": "#0"
				},
				"east": {
					"uv": [10.47619, 1.52381, 9.33333, 1.90476],
					"texture": "#0"
				},
				"south": {
					"uv": [11.2381, 1.52381, 10.47619, 1.90476],
					"texture": "#0"
				},
				"west": {
					"uv": [8.57143, 1.52381, 7.42857, 1.90476],
					"texture": "#0"
				},
				"up": {
					"uv": [8.57143, 1.52381, 9.33333, 0.38095],
					"texture": "#0"
				},
				"down": {
					"uv": [9.33333, 0.38095, 10.09524, 1.52381],
					"texture": "#0"
				}
			}
		},
		{
			"from": [9.94595, 20.97297, 5.08108],
			"to": [12.54054, 21.62162, 8.32432],
			"rotation": {
				"angle": 0,
				"axis": "y",
				"origin": [16.43243, 20.32432, 3.45946]
			},
			"faces": {
				"north": {
					"uv": [9.33333, 1.52381, 8.57143, 1.90476],
					"texture": "#0"
				},
				"east": {
					"uv": [10.47619, 1.52381, 9.33333, 1.90476],
					"texture": "#0"
				},
				"south": {
					"uv": [11.2381, 1.52381, 10.47619, 1.90476],
					"texture": "#0"
				},
				"west": {
					"uv": [8.57143, 1.52381, 7.42857, 1.90476],
					"texture": "#0"
				},
				"up": {
					"uv": [8.57143, 1.52381, 9.33333, 0.38095],
					"texture": "#0"
				},
				"down": {
					"uv": [9.33333, 0.38095, 10.09524, 1.52381],
					"texture": "#0"
				}
			}
		},
		{
			"from": [10.27027, 18.7027, 11.89189],
			"to": [12.21622, 21.94595, 12.54054],
			"rotation": {
				"angle": -45,
				"axis": "x",
				"origin": [16.43243, 14.81081, 6.37838]
			},
			"faces": {
				"north": {
					"uv": [8.88889, 0.38095, 9.26984, 1.77778],
					"texture": "#0"
				},
				"east": {
					"uv": [8.50794, 0.38095, 8.88889, 1.77778],
					"texture": "#0"
				},
				"south": {
					"uv": [9.65079, 0.38095, 10.03175, 1.77778],
					"texture": "#0"
				},
				"west": {
					"uv": [9.26984, 0.38095, 9.65079, 1.77778],
					"texture": "#0"
				},
				"up": {
					"uv": [9.26984, 0.38095, 8.88889, 0],
					"texture": "#0"
				},
				"down": {
					"uv": [9.65079, 0, 9.26984, 0.38095],
					"texture": "#0"
				}
			}
		},
		{
			"from": [10.27027, 27.45946, -1.08108],
			"to": [12.21622, 32, 0.86486],
			"rotation": {
				"angle": 22.5,
				"axis": "x",
				"origin": [16.43243, 12.21622, -5.94595]
			},
			"faces": {
				"north": {
					"uv": [5.07937, 2.28571, 5.71429, 3.93651],
					"texture": "#0"
				},
				"east": {
					"uv": [4.44444, 2.28571, 5.07937, 3.93651],
					"texture": "#0"
				},
				"south": {
					"uv": [6.34921, 2.28571, 6.98413, 3.93651],
					"texture": "#0"
				},
				"west": {
					"uv": [5.71429, 2.28571, 6.34921, 3.93651],
					"texture": "#0"
				},
				"up": {
					"uv": [5.71429, 2.28571, 5.07937, 1.65079],
					"texture": "#0"
				},
				"down": {
					"uv": [6.34921, 1.65079, 5.71429, 2.28571],
					"texture": "#0"
				}
			}
		}
	]
}