{
	"textures": {
		"0": "animated_java:blueprint/dragonie_mini/dragon",
		"particle": "minecraft:item/pufferfish"
	},
	"display": {
		"head": {
			"rotation": [0, 180, 0]
		}
	},
	"elements": [
		{
			"from": [4.72727, 2, 4.72727],
			"to": [11.27273, 6.36364, 28.72727],
			"faces": {
				"north": {
					"uv": [4.06349, 4.06349, 5.07937, 4.95238],
					"texture": "#0"
				},
				"east": {
					"uv": [1.26984, 4.06349, 4.06349, 4.95238],
					"texture": "#0"
				},
				"south": {
					"uv": [7.87302, 4.06349, 8.88889, 4.95238],
					"texture": "#0"
				},
				"west": {
					"uv": [5.07937, 4.06349, 7.87302, 4.95238],
					"texture": "#0"
				},
				"up": {
					"uv": [5.07937, 4.06349, 4.06349, 1.26984],
					"texture": "#0"
				},
				"down": {
					"uv": [6.09524, 1.26984, 5.07937, 4.06349],
					"texture": "#0"
				}
			}
		},
		{
			"from": [7.45455, 5.81818, 6.90909],
			"to": [8.54545, 7.45455, 13.45455],
			"rotation": {
				"angle": 0,
				"axis": "y",
				"origin": [8, -36.72727, 21.09091]
			},
			"faces": {
				"north": {
					"uv": [8.95238, 6.22222, 9.07937, 6.4127],
					"texture": "#0"
				},
				"east": {
					"uv": [8.19048, 6.22222, 8.95238, 6.4127],
					"texture": "#0"
				},
				"south": {
					"uv": [9.84127, 6.22222, 9.96825, 6.4127],
					"texture": "#0"
				},
				"west": {
					"uv": [9.07937, 6.22222, 9.84127, 6.4127],
					"texture": "#0"
				},
				"up": {
					"uv": [9.07937, 6.22222, 8.95238, 5.46032],
					"texture": "#0"
				},
				"down": {
					"uv": [9.20635, 5.46032, 9.07937, 6.22222],
					"texture": "#0"
				}
			}
		},
		{
			"from": [7.45455, 5.81818, 17.81818],
			"to": [8.54545, 7.45455, 24.36364],
			"rotation": {
				"angle": 0,
				"axis": "y",
				"origin": [8, -36.72727, 21.09091]
			},
			"faces": {
				"north": {
					"uv": [8.8254, 6.28571, 8.95238, 6.47619],
					"texture": "#0"
				},
				"east": {
					"uv": [8.06349, 6.28571, 8.8254, 6.47619],
					"texture": "#0"
				},
				"south": {
					"uv": [9.71429, 6.28571, 9.84127, 6.47619],
					"texture": "#0"
				},
				"west": {
					"uv": [8.95238, 6.28571, 9.71429, 6.47619],
					"texture": "#0"
				},
				"up": {
					"uv": [8.95238, 6.28571, 8.8254, 5.52381],
					"texture": "#0"
				},
				"down": {
					"uv": [9.07937, 5.52381, 8.95238, 6.28571],
					"texture": "#0"
				}
			}
		}
	]
}