{
	"textures": {
		"0": "animated_java:blueprint/dragonie_mini/dragon",
		"particle": "minecraft:item/pufferfish"
	},
	"display": {
		"head": {
			"rotation": [0, 180, 0]
		}
	},
	"elements": [
		{
			"from": [13, 20, 1],
			"to": [15, 30, 3],
			"rotation": {
				"angle": 22.5,
				"axis": "x",
				"origin": [26, -7, 24]
			},
			"faces": {
				"north": {
					"uv": [2.47619, 1.52381, 2.73016, 2.73016],
					"texture": "#0"
				},
				"east": {
					"uv": [2.22222, 1.52381, 2.47619, 2.73016],
					"texture": "#0"
				},
				"south": {
					"uv": [2.98413, 1.52381, 3.2381, 2.73016],
					"texture": "#0"
				},
				"west": {
					"uv": [2.73016, 1.52381, 2.98413, 2.73016],
					"texture": "#0"
				},
				"up": {
					"uv": [2.73016, 1.52381, 2.47619, 1.26984],
					"texture": "#0"
				},
				"down": {
					"uv": [2.98413, 1.26984, 2.73016, 1.52381],
					"texture": "#0"
				}
			}
		},
		{
			"from": [25, 20, 1],
			"to": [27, 30, 3],
			"rotation": {
				"angle": 22.5,
				"axis": "x",
				"origin": [38, -7, 24]
			},
			"faces": {
				"north": {
					"uv": [5.5873, 1.07937, 5.84127, 2.28571],
					"texture": "#0"
				},
				"east": {
					"uv": [5.33333, 1.07937, 5.5873, 2.28571],
					"texture": "#0"
				},
				"south": {
					"uv": [6.09524, 1.07937, 6.34921, 2.28571],
					"texture": "#0"
				},
				"west": {
					"uv": [5.84127, 1.07937, 6.09524, 2.28571],
					"texture": "#0"
				},
				"up": {
					"uv": [5.84127, 1.07937, 5.5873, 0.8254],
					"texture": "#0"
				},
				"down": {
					"uv": [6.09524, 0.8254, 5.84127, 1.07937],
					"texture": "#0"
				}
			}
		}
	]
}