{
	"textures": {
		"0": "animated_java:blueprint/dragonie_mini/dragon",
		"particle": "minecraft:item/pufferfish"
	},
	"display": {
		"head": {
			"rotation": [0, 180, 0]
		}
	},
	"elements": [
		{
			"from": [10.90909, 31.27273, 3.63636],
			"to": [12.36364, 32, 8],
			"rotation": {
				"angle": 22.5,
				"axis": "x",
				"origin": [20.36364, 19.63636, 24.72727]
			},
			"faces": {
				"north": {
					"uv": [4.50794, 2.22222, 4.88889, 2.47619],
					"texture": "#0"
				},
				"east": {
					"uv": [3.61905, 2.22222, 4.50794, 2.47619],
					"texture": "#0"
				},
				"south": {
					"uv": [5.77778, 2.22222, 6.15873, 2.47619],
					"texture": "#0"
				},
				"west": {
					"uv": [4.88889, 2.22222, 5.77778, 2.47619],
					"texture": "#0"
				},
				"up": {
					"uv": [4.88889, 2.22222, 4.50794, 1.33333],
					"texture": "#0"
				},
				"down": {
					"uv": [5.26984, 1.33333, 4.88889, 2.22222],
					"texture": "#0"
				}
			}
		},
		{
			"from": [19.63636, 31.27273, 3.63636],
			"to": [21.09091, 32, 8],
			"rotation": {
				"angle": 22.5,
				"axis": "x",
				"origin": [29.09091, 19.63636, 24.72727]
			},
			"faces": {
				"north": {
					"uv": [4.50794, 2.22222, 4.88889, 2.47619],
					"texture": "#0"
				},
				"east": {
					"uv": [3.61905, 2.22222, 4.50794, 2.47619],
					"texture": "#0"
				},
				"south": {
					"uv": [5.77778, 2.22222, 6.15873, 2.47619],
					"texture": "#0"
				},
				"west": {
					"uv": [4.88889, 2.22222, 5.77778, 2.47619],
					"texture": "#0"
				},
				"up": {
					"uv": [4.88889, 2.22222, 4.50794, 1.33333],
					"texture": "#0"
				},
				"down": {
					"uv": [5.26984, 1.33333, 4.88889, 2.22222],
					"texture": "#0"
				}
			}
		}
	]
}