{
	"textures": {
		"0": "animated_java:blueprint/dragonie_mini/dragon",
		"particle": "minecraft:item/pufferfish"
	},
	"display": {
		"head": {
			"rotation": [0, 180, 0]
		}
	},
	"elements": [
		{
			"from": [5.94286, 10.05714, 14.85714],
			"to": [10.05714, 12.11429, 21.71429],
			"rotation": {
				"angle": 0,
				"axis": "y",
				"origin": [8, -30.4, 86.85714]
			},
			"faces": {
				"north": {
					"uv": [0.88889, 1.20635, 1.39683, 1.39683],
					"texture": "#0"
				},
				"east": {
					"uv": [0, 1.20635, 0.88889, 1.39683],
					"texture": "#0"
				},
				"south": {
					"uv": [2.28571, 1.20635, 2.79365, 1.39683],
					"texture": "#0"
				},
				"west": {
					"uv": [1.39683, 1.20635, 2.28571, 1.39683],
					"texture": "#0"
				},
				"up": {
					"uv": [1.39683, 1.20635, 0.88889, 0.31746],
					"texture": "#0"
				},
				"down": {
					"uv": [1.90476, 0.31746, 1.39683, 1.20635],
					"texture": "#0"
				}
			}
		},
		{
			"from": [4.57143, 10.05714, 21.02857],
			"to": [11.42857, 14.85714, 32],
			"rotation": {
				"angle": 0,
				"axis": "y",
				"origin": [8, -29.71429, 86.85714]
			},
			"faces": {
				"north": {
					"uv": [8.06349, 2.98413, 8.95238, 3.61905],
					"texture": "#0"
				},
				"east": {
					"uv": [7.04762, 2.98413, 8.06349, 3.61905],
					"texture": "#0"
				},
				"south": {
					"uv": [9.96825, 2.98413, 10.85714, 3.61905],
					"texture": "#0"
				},
				"west": {
					"uv": [8.95238, 2.98413, 9.96825, 3.61905],
					"texture": "#0"
				},
				"up": {
					"uv": [8.95238, 2.98413, 8.06349, 1.96825],
					"texture": "#0"
				},
				"down": {
					"uv": [9.84127, 1.96825, 8.95238, 2.98413],
					"texture": "#0"
				}
			}
		},
		{
			"from": [22.4, 16.91429, 25.14286],
			"to": [23.77143, 19.65714, 29.25714],
			"rotation": {
				"angle": 22.5,
				"axis": "z",
				"origin": [25.82857, -31.08571, 86.85714]
			},
			"faces": {
				"north": {
					"uv": [0.38095, 0.38095, 0.50794, 0.63492],
					"texture": "#0"
				},
				"east": {
					"uv": [0, 0.38095, 0.38095, 0.63492],
					"texture": "#0"
				},
				"south": {
					"uv": [0.88889, 0.38095, 1.01587, 0.63492],
					"texture": "#0"
				},
				"west": {
					"uv": [0.50794, 0.38095, 0.88889, 0.63492],
					"texture": "#0"
				},
				"up": {
					"uv": [0.50794, 0.38095, 0.38095, 0],
					"texture": "#0"
				},
				"down": {
					"uv": [0.63492, 0, 0.50794, 0.38095],
					"texture": "#0"
				}
			}
		},
		{
			"from": [6.8, 11.42857, 15.54286],
			"to": [7.48571, 12.8, 18.28571],
			"rotation": {
				"angle": 0,
				"axis": "y",
				"origin": [9.54286, -31.77143, 89.6]
			},
			"faces": {
				"north": {
					"uv": [10.34921, 6.03175, 10.47619, 6.15873],
					"texture": "#0"
				},
				"east": {
					"uv": [10.09524, 6.03175, 10.34921, 6.15873],
					"texture": "#0"
				},
				"south": {
					"uv": [10.73016, 6.03175, 10.85714, 6.15873],
					"texture": "#0"
				},
				"west": {
					"uv": [10.47619, 6.03175, 10.73016, 6.15873],
					"texture": "#0"
				},
				"up": {
					"uv": [10.47619, 6.03175, 10.34921, 5.77778],
					"texture": "#0"
				},
				"down": {
					"uv": [10.60317, 5.77778, 10.47619, 6.03175],
					"texture": "#0"
				}
			}
		}
	]
}