{
	"textures": {
		"0": "animated_java:blueprint/dragonie_mini/dragon",
		"particle": "minecraft:item/pufferfish"
	},
	"display": {
		"head": {
			"rotation": [0, 180, 0]
		}
	},
	"elements": [
		{
			"from": [5.42857, 13.14286, 23.42857],
			"to": [10.57143, 14, 32],
			"rotation": {
				"angle": 0,
				"axis": "y",
				"origin": [8, -38.28571, 113.42857]
			},
			"faces": {
				"north": {
					"uv": [4.88889, 5.01587, 5.26984, 5.07937],
					"texture": "#0"
				},
				"east": {
					"uv": [4.25397, 5.01587, 4.88889, 5.07937],
					"texture": "#0"
				},
				"south": {
					"uv": [5.90476, 5.01587, 6.28571, 5.07937],
					"texture": "#0"
				},
				"west": {
					"uv": [5.26984, 5.01587, 5.90476, 5.07937],
					"texture": "#0"
				},
				"up": {
					"uv": [5.26984, 5.01587, 4.88889, 4.38095],
					"texture": "#0"
				},
				"down": {
					"uv": [5.65079, 4.38095, 5.26984, 5.01587],
					"texture": "#0"
				}
			}
		}
	]
}