{
	"textures": {
		"0": "animated_java:blueprint/dragonie_mini/dragon",
		"particle": "minecraft:item/pufferfish"
	},
	"display": {
		"head": {
			"rotation": [0, 180, 0]
		}
	},
	"elements": [
		{
			"from": [2.6, 5.6, 6.8],
			"to": [12.2, 8, 9.2],
			"rotation": {
				"angle": 0,
				"axis": "y",
				"origin": [19.4, -39.4, 21.2]
			},
			"faces": {
				"north": {
					"uv": [8.50794, 6.03175, 7.49206, 6.28571],
					"texture": "#0"
				},
				"east": {
					"uv": [8.7619, 6.03175, 8.50794, 6.28571],
					"texture": "#0"
				},
				"south": {
					"uv": [9.77778, 6.03175, 8.7619, 6.28571],
					"texture": "#0"
				},
				"west": {
					"uv": [7.49206, 6.03175, 7.2381, 6.28571],
					"texture": "#0"
				},
				"up": {
					"uv": [7.49206, 6.03175, 8.50794, 5.77778],
					"texture": "#0"
				},
				"down": {
					"uv": [8.50794, 5.77778, 9.52381, 6.03175],
					"texture": "#0"
				}
			}
		},
		{
			"from": [2.6, 6.8, 9.2],
			"to": [12.2, 6.8, 30.8],
			"rotation": {
				"angle": 0,
				"axis": "y",
				"origin": [19.4, -39.4, 21.2]
			},
			"faces": {
				"north": {
					"uv": [3.49206, 11.42857, 1.20635, 11.42857],
					"texture": "#0"
				},
				"east": {
					"uv": [5.77778, 11.42857, 3.49206, 11.42857],
					"texture": "#0"
				},
				"south": {
					"uv": [8.06349, 11.42857, 5.77778, 11.42857],
					"texture": "#0"
				},
				"west": {
					"uv": [1.20635, 11.42857, -1.07937, 11.42857],
					"texture": "#0"
				},
				"up": {
					"uv": [1.20635, 11.42857, 3.49206, 9.14286],
					"texture": "#0"
				},
				"down": {
					"uv": [1.24206, 9.20536, 3.52778, 11.49107],
					"texture": "#0"
				}
			}
		}
	]
}