{
	"textures": {
		"0": "animated_java:blueprint/dragonie_mini/dragon",
		"particle": "minecraft:item/pufferfish"
	},
	"display": {
		"head": {
			"rotation": [0, 180, 0]
		}
	},
	"elements": [
		{
			"from": [18.21277, 6.46809, 7.48936],
			"to": [32, 7.48936, 8.51064],
			"rotation": {
				"angle": 0,
				"axis": "y",
				"origin": [66.7234, -32.34043, 19.23404]
			},
			"faces": {
				"north": {
					"uv": [9.20635, 6.22222, 7.49206, 6.34921],
					"texture": "#0"
				},
				"east": {
					"uv": [9.33333, 6.22222, 9.20635, 6.34921],
					"texture": "#0"
				},
				"south": {
					"uv": [11.04762, 6.22222, 9.33333, 6.34921],
					"texture": "#0"
				},
				"west": {
					"uv": [7.49206, 6.22222, 7.36508, 6.34921],
					"texture": "#0"
				},
				"up": {
					"uv": [7.49206, 6.22222, 9.20635, 6.09524],
					"texture": "#0"
				},
				"down": {
					"uv": [9.20635, 6.09524, 10.92063, 6.22222],
					"texture": "#0"
				}
			}
		},
		{
			"from": [18.7234, 6.97872, 9.02128],
			"to": [32, 6.97872, 22.29787],
			"rotation": {
				"angle": 0,
				"axis": "y",
				"origin": [66.7234, -32.34043, 19.23404]
			},
			"faces": {
				"north": {
					"uv": [0, 8.95238, 2.92063, 8.95238],
					"texture": "#0"
				},
				"east": {
					"uv": [-1.65079, 8.95238, 0, 8.95238],
					"texture": "#0"
				},
				"south": {
					"uv": [4.57143, 8.95238, 7.49206, 8.95238],
					"texture": "#0"
				},
				"west": {
					"uv": [2.92063, 8.95238, 4.57143, 8.95238],
					"texture": "#0"
				},
				"up": {
					"uv": [2.92063, 8.95238, 0, 7.30159],
					"texture": "#0"
				},
				"down": {
					"uv": [2.92063, 7.36409, 0, 9.01488],
					"texture": "#0"
				}
			}
		}
	]
}