{
	"textures": {
		"0": "animated_java:blueprint/dragonie_mini/dragon",
		"particle": "minecraft:item/pufferfish"
	},
	"display": {
		"head": {
			"rotation": [0, 180, 0]
		}
	},
	"elements": [
		{
			"from": [-14.30303, 26.42424, 8.9697],
			"to": [-12.36364, 30.30303, 14.78788],
			"rotation": {
				"angle": -22.5,
				"axis": "z",
				"origin": [-17.21212, -41.45455, 96.24242]
			},
			"faces": {
				"north": {
					"uv": [0.50794, 0.38095, 0.38095, 0.63492],
					"texture": "#0"
				},
				"east": {
					"uv": [0.88889, 0.38095, 0.50794, 0.63492],
					"texture": "#0"
				},
				"south": {
					"uv": [1.01587, 0.38095, 0.88889, 0.63492],
					"texture": "#0"
				},
				"west": {
					"uv": [0.38095, 0.38095, 0, 0.63492],
					"texture": "#0"
				},
				"up": {
					"uv": [0.38095, 0.38095, 0.50794, 0],
					"texture": "#0"
				},
				"down": {
					"uv": [0.50794, 0, 0.63492, 0.38095],
					"texture": "#0"
				}
			}
		},
		{
			"from": [8.72727, 18.66667, -4.36364],
			"to": [9.69697, 20.60606, -0.48485],
			"rotation": {
				"angle": 0,
				"axis": "y",
				"origin": [5.81818, -42.42424, 100.36364]
			},
			"faces": {
				"north": {
					"uv": [10.60317, 5.84127, 10.47619, 5.96825],
					"texture": "#0"
				},
				"east": {
					"uv": [10.85714, 5.84127, 10.60317, 5.96825],
					"texture": "#0"
				},
				"south": {
					"uv": [10.98413, 5.84127, 10.85714, 5.96825],
					"texture": "#0"
				},
				"west": {
					"uv": [10.47619, 5.84127, 10.22222, 5.96825],
					"texture": "#0"
				},
				"up": {
					"uv": [10.47619, 5.84127, 10.60317, 5.5873],
					"texture": "#0"
				},
				"down": {
					"uv": [10.60317, 5.5873, 10.73016, 5.84127],
					"texture": "#0"
				}
			}
		}
	]
}