{
	"textures": {
		"0": "animated_java:blueprint/dragonie_mini/dragon",
		"particle": "minecraft:item/pufferfish"
	},
	"display": {
		"head": {
			"rotation": [0, 180, 0]
		}
	},
	"elements": [
		{
			"from": [5, 15, 13],
			"to": [11, 18, 23],
			"rotation": {
				"angle": 0,
				"axis": "y",
				"origin": [8, -46, 64]
			},
			"faces": {
				"north": {
					"uv": [4.69841, 1.46032, 5.33333, 1.84127],
					"texture": "#0"
				},
				"east": {
					"uv": [4.06349, 1.46032, 4.69841, 1.84127],
					"texture": "#0"
				},
				"south": {
					"uv": [5.96825, 1.46032, 6.60317, 1.84127],
					"texture": "#0"
				},
				"west": {
					"uv": [5.33333, 1.46032, 5.96825, 1.84127],
					"texture": "#0"
				},
				"up": {
					"uv": [5.33333, 1.46032, 4.69841, 0.8254],
					"texture": "#0"
				},
				"down": {
					"uv": [5.96825, 0.8254, 5.33333, 1.46032],
					"texture": "#0"
				}
			}
		},
		{
			"from": [7, 18, 15],
			"to": [9, 19, 21],
			"rotation": {
				"angle": 0,
				"axis": "y",
				"origin": [8, -48, 64]
			},
			"faces": {
				"north": {
					"uv": [11.36508, 5.84127, 11.49206, 6.03175],
					"texture": "#0"
				},
				"east": {
					"uv": [10.98413, 5.84127, 11.36508, 6.03175],
					"texture": "#0"
				},
				"south": {
					"uv": [11.87302, 5.84127, 12, 6.03175],
					"texture": "#0"
				},
				"west": {
					"uv": [11.49206, 5.84127, 11.87302, 6.03175],
					"texture": "#0"
				},
				"up": {
					"uv": [11.49206, 5.84127, 11.36508, 5.46032],
					"texture": "#0"
				},
				"down": {
					"uv": [11.61905, 5.46032, 11.49206, 5.84127],
					"texture": "#0"
				}
			}
		}
	]
}