{
	"textures": {
		"0": "animated_java:blueprint/dragonie_mini/dragon",
		"particle": "minecraft:item/pufferfish"
	},
	"display": {
		"head": {
			"rotation": [0, 180, 0]
		}
	},
	"elements": [
		{
			"from": [5, 14, 13],
			"to": [11, 17, 23],
			"rotation": {
				"angle": 0,
				"axis": "y",
				"origin": [8, -47, 74]
			},
			"faces": {
				"north": {
					"uv": [3.93651, 4.57143, 4.57143, 4.95238],
					"texture": "#0"
				},
				"east": {
					"uv": [3.30159, 4.57143, 3.93651, 4.95238],
					"texture": "#0"
				},
				"south": {
					"uv": [5.20635, 4.57143, 5.84127, 4.95238],
					"texture": "#0"
				},
				"west": {
					"uv": [4.57143, 4.57143, 5.20635, 4.95238],
					"texture": "#0"
				},
				"up": {
					"uv": [4.57143, 4.57143, 3.93651, 3.93651],
					"texture": "#0"
				},
				"down": {
					"uv": [5.20635, 3.93651, 4.57143, 4.57143],
					"texture": "#0"
				}
			}
		},
		{
			"from": [7, 17, 15],
			"to": [9, 18, 21],
			"rotation": {
				"angle": 0,
				"axis": "y",
				"origin": [8, -49, 74]
			},
			"faces": {
				"north": {
					"uv": [10.47619, 6.09524, 10.60317, 6.22222],
					"texture": "#0"
				},
				"east": {
					"uv": [10.09524, 6.09524, 10.47619, 6.22222],
					"texture": "#0"
				},
				"south": {
					"uv": [10.98413, 6.09524, 11.11111, 6.22222],
					"texture": "#0"
				},
				"west": {
					"uv": [10.60317, 6.09524, 10.98413, 6.22222],
					"texture": "#0"
				},
				"up": {
					"uv": [10.60317, 6.09524, 10.47619, 5.71429],
					"texture": "#0"
				},
				"down": {
					"uv": [10.73016, 5.71429, 10.60317, 6.09524],
					"texture": "#0"
				}
			}
		}
	]
}