{
	"textures": {
		"0": "animated_java:blueprint/dragonie_mini/dragon",
		"particle": "minecraft:item/pufferfish"
	},
	"display": {
		"head": {
			"rotation": [0, 180, 0]
		}
	},
	"elements": [
		{
			"from": [5, 16, 13],
			"to": [11, 19, 23],
			"rotation": {
				"angle": 0,
				"axis": "y",
				"origin": [8, -45, 54]
			},
			"faces": {
				"north": {
					"uv": [4.19048, 4.31746, 4.8254, 4.69841],
					"texture": "#0"
				},
				"east": {
					"uv": [3.55556, 4.31746, 4.19048, 4.69841],
					"texture": "#0"
				},
				"south": {
					"uv": [5.46032, 4.31746, 6.09524, 4.69841],
					"texture": "#0"
				},
				"west": {
					"uv": [4.8254, 4.31746, 5.46032, 4.69841],
					"texture": "#0"
				},
				"up": {
					"uv": [4.8254, 4.31746, 4.19048, 3.68254],
					"texture": "#0"
				},
				"down": {
					"uv": [5.46032, 3.68254, 4.8254, 4.31746],
					"texture": "#0"
				}
			}
		},
		{
			"from": [7, 19, 15],
			"to": [9, 20, 21],
			"rotation": {
				"angle": 0,
				"axis": "y",
				"origin": [8, -47, 54]
			},
			"faces": {
				"north": {
					"uv": [12.44444, 5.96825, 12.57143, 6.22222],
					"texture": "#0"
				},
				"east": {
					"uv": [12.06349, 5.96825, 12.44444, 6.22222],
					"texture": "#0"
				},
				"south": {
					"uv": [12.95238, 5.96825, 13.07937, 6.22222],
					"texture": "#0"
				},
				"west": {
					"uv": [12.57143, 5.96825, 12.95238, 6.22222],
					"texture": "#0"
				},
				"up": {
					"uv": [12.57143, 5.96825, 12.44444, 5.5873],
					"texture": "#0"
				},
				"down": {
					"uv": [12.69841, 5.5873, 12.57143, 5.96825],
					"texture": "#0"
				}
			}
		}
	]
}