{
	"textures": {
		"0": "animated_java:blueprint/dragonie_mini/dragon",
		"particle": "minecraft:item/pufferfish"
	},
	"display": {
		"head": {
			"rotation": [0, 180, 0]
		}
	},
	"elements": [
		{
			"from": [3.8, 6.8, 9.2],
			"to": [13.4, 6.8, 30.8],
			"rotation": {
				"angle": 0,
				"axis": "y",
				"origin": [-3.4, -39.4, 21.2]
			},
			"faces": {
				"north": {
					"uv": [1.26984, 11.42857, 3.55556, 11.42857],
					"texture": "#0"
				},
				"east": {
					"uv": [-1.01587, 11.42857, 1.26984, 11.42857],
					"texture": "#0"
				},
				"south": {
					"uv": [5.84127, 11.42857, 8.12698, 11.42857],
					"texture": "#0"
				},
				"west": {
					"uv": [3.55556, 11.42857, 5.84127, 11.42857],
					"texture": "#0"
				},
				"up": {
					"uv": [3.55556, 11.42857, 1.26984, 9.14286],
					"texture": "#0"
				},
				"down": {
					"uv": [3.46627, 9.14286, 1.18056, 11.42857],
					"texture": "#0"
				}
			}
		},
		{
			"from": [3.8, 5.6, 6.8],
			"to": [13.4, 8, 9.2],
			"rotation": {
				"angle": 0,
				"axis": "y",
				"origin": [-3.4, -39.4, 21.2]
			},
			"faces": {
				"north": {
					"uv": [8.8254, 6.03175, 9.84127, 6.28571],
					"texture": "#0"
				},
				"east": {
					"uv": [8.57143, 6.03175, 8.8254, 6.28571],
					"texture": "#0"
				},
				"south": {
					"uv": [10.09524, 6.03175, 11.11111, 6.28571],
					"texture": "#0"
				},
				"west": {
					"uv": [9.84127, 6.03175, 10.09524, 6.28571],
					"texture": "#0"
				},
				"up": {
					"uv": [9.84127, 6.03175, 8.8254, 5.77778],
					"texture": "#0"
				},
				"down": {
					"uv": [10.85714, 5.77778, 9.84127, 6.03175],
					"texture": "#0"
				}
			}
		}
	]
}