{
	"textures": {
		"0": "animated_java:blueprint/dragonie_mini/dragon",
		"particle": "minecraft:item/pufferfish"
	},
	"display": {
		"head": {
			"rotation": [0, 180, 0]
		}
	},
	"elements": [
		{
			"from": [-16, 6.97872, 9.02128],
			"to": [-2.7234, 6.97872, 22.29787],
			"rotation": {
				"angle": 0,
				"axis": "y",
				"origin": [-50.7234, -32.34043, 19.23404]
			},
			"faces": {
				"north": {
					"uv": [2.92063, 8.95238, 0, 8.95238],
					"texture": "#0"
				},
				"east": {
					"uv": [4.57143, 8.95238, 2.92063, 8.95238],
					"texture": "#0"
				},
				"south": {
					"uv": [7.49206, 8.95238, 4.57143, 8.95238],
					"texture": "#0"
				},
				"west": {
					"uv": [0, 8.95238, -1.65079, 8.95238],
					"texture": "#0"
				},
				"up": {
					"uv": [0, 8.95238, 2.92063, 7.30159],
					"texture": "#0"
				},
				"down": {
					"uv": [0, 7.30159, 2.92063, 8.95238],
					"texture": "#0"
				}
			}
		},
		{
			"from": [-16, 6.46809, 7.48936],
			"to": [-1.70213, 7.48936, 8.51064],
			"rotation": {
				"angle": 0,
				"axis": "y",
				"origin": [-54.80851, -32.34043, 19.23404]
			},
			"faces": {
				"north": {
					"uv": [8.69841, 6.22222, 10.98413, 6.34921],
					"texture": "#0"
				},
				"east": {
					"uv": [8.57143, 6.22222, 8.69841, 6.34921],
					"texture": "#0"
				},
				"south": {
					"uv": [11.11111, 6.22222, 13.39683, 6.34921],
					"texture": "#0"
				},
				"west": {
					"uv": [10.98413, 6.22222, 11.11111, 6.34921],
					"texture": "#0"
				},
				"up": {
					"uv": [10.98413, 6.22222, 8.69841, 6.09524],
					"texture": "#0"
				},
				"down": {
					"uv": [13.26984, 6.09524, 10.98413, 6.22222],
					"texture": "#0"
				}
			}
		}
	]
}