{
	"textures": {
		"0": "animated_java:blueprint/dragonie_mini/dragon",
		"particle": "minecraft:item/pufferfish"
	},
	"display": {
		"head": {
			"rotation": [0, 180, 0]
		}
	},
	"elements": [
		{
			"from": [5, 8, 13],
			"to": [11, 11, 23],
			"faces": {
				"north": {
					"uv": [7.80952, 7.42857, 8.19048, 7.80952],
					"texture": "#0"
				},
				"east": {
					"uv": [7.1746, 7.42857, 7.80952, 7.80952],
					"texture": "#0"
				},
				"south": {
					"uv": [8.8254, 7.42857, 9.20635, 7.80952],
					"texture": "#0"
				},
				"west": {
					"uv": [8.19048, 7.42857, 8.8254, 7.80952],
					"texture": "#0"
				},
				"up": {
					"uv": [8.19048, 7.42857, 7.80952, 6.79365],
					"texture": "#0"
				},
				"down": {
					"uv": [8.57143, 6.79365, 8.19048, 7.42857],
					"texture": "#0"
				}
			}
		},
		{
			"from": [7, 10, 15],
			"to": [9, 12, 21],
			"faces": {
				"north": {
					"uv": [10.47619, 5.90476, 10.60317, 6.03175],
					"texture": "#0"
				},
				"east": {
					"uv": [10.09524, 5.90476, 10.47619, 6.03175],
					"texture": "#0"
				},
				"south": {
					"uv": [10.98413, 5.90476, 11.11111, 6.03175],
					"texture": "#0"
				},
				"west": {
					"uv": [10.60317, 5.90476, 10.98413, 6.03175],
					"texture": "#0"
				},
				"up": {
					"uv": [10.60317, 5.90476, 10.47619, 5.52381],
					"texture": "#0"
				},
				"down": {
					"uv": [10.73016, 5.52381, 10.60317, 5.90476],
					"texture": "#0"
				}
			}
		}
	]
}