{
	"textures": {
		"0": "animated_java:blueprint/dragonie_mini/dragon",
		"particle": "minecraft:item/pufferfish"
	},
	"display": {
		"head": {
			"rotation": [0, 180, 0]
		}
	},
	"elements": [
		{
			"from": [5.94286, 8, 25.14286],
			"to": [10.05714, 10.05714, 32],
			"faces": {
				"north": {
					"uv": [4.38095, 4.57143, 4.7619, 4.95238],
					"texture": "#0"
				},
				"east": {
					"uv": [3.74603, 4.57143, 4.38095, 4.95238],
					"texture": "#0"
				},
				"south": {
					"uv": [5.39683, 4.57143, 5.77778, 4.95238],
					"texture": "#0"
				},
				"west": {
					"uv": [4.7619, 4.57143, 5.39683, 4.95238],
					"texture": "#0"
				},
				"up": {
					"uv": [4.7619, 4.57143, 4.38095, 3.93651],
					"texture": "#0"
				},
				"down": {
					"uv": [5.14286, 3.93651, 4.7619, 4.57143],
					"texture": "#0"
				}
			}
		},
		{
			"from": [7.31429, 9.37143, 26.51429],
			"to": [8.68571, 10.74286, 30.62857],
			"faces": {
				"north": {
					"uv": [10.47619, 5.90476, 10.60317, 6.03175],
					"texture": "#0"
				},
				"east": {
					"uv": [10.09524, 5.90476, 10.47619, 6.03175],
					"texture": "#0"
				},
				"south": {
					"uv": [10.98413, 5.90476, 11.11111, 6.03175],
					"texture": "#0"
				},
				"west": {
					"uv": [10.60317, 5.90476, 10.98413, 6.03175],
					"texture": "#0"
				},
				"up": {
					"uv": [10.60317, 5.90476, 10.47619, 5.52381],
					"texture": "#0"
				},
				"down": {
					"uv": [10.73016, 5.52381, 10.60317, 5.90476],
					"texture": "#0"
				}
			}
		}
	]
}