{
	"textures": {
		"0": "animated_java:blueprint/dragonie_mini/dragon",
		"particle": "minecraft:item/pufferfish"
	},
	"display": {
		"head": {
			"rotation": [0, 180, 0]
		}
	},
	"elements": [
		{
			"from": [4.09302, 8.97674, 21.95349],
			"to": [11.90698, 9.53488, 32],
			"rotation": {
				"angle": 0,
				"axis": "y",
				"origin": [8, -31.76744, -45.5814]
			},
			"faces": {
				"north": {
					"uv": [4, 4.57143, 4.88889, 4.8254],
					"texture": "#0"
				},
				"east": {
					"uv": [2.85714, 4.57143, 4, 4.8254],
					"texture": "#0"
				},
				"south": {
					"uv": [6.03175, 4.57143, 6.92063, 4.8254],
					"texture": "#0"
				},
				"west": {
					"uv": [4.88889, 4.57143, 6.03175, 4.8254],
					"texture": "#0"
				},
				"up": {
					"uv": [4.88889, 4.57143, 4, 3.42857],
					"texture": "#0"
				},
				"down": {
					"uv": [5.77778, 3.42857, 4.88889, 4.57143],
					"texture": "#0"
				}
			}
		},
		{
			"from": [7.44186, 9.11628, 22.51163],
			"to": [8.55814, 10.7907, 26.4186],
			"faces": {
				"north": {
					"uv": [10.47619, 5.90476, 10.60317, 6.09524],
					"texture": "#0"
				},
				"east": {
					"uv": [10.03175, 5.90476, 10.47619, 6.09524],
					"texture": "#0"
				},
				"south": {
					"uv": [11.04762, 5.90476, 11.1746, 6.09524],
					"texture": "#0"
				},
				"west": {
					"uv": [10.60317, 5.90476, 11.04762, 6.09524],
					"texture": "#0"
				},
				"up": {
					"uv": [10.60317, 5.90476, 10.47619, 5.46032],
					"texture": "#0"
				},
				"down": {
					"uv": [10.73016, 5.46032, 10.60317, 5.90476],
					"texture": "#0"
				}
			}
		}
	]
}