{
	"textures": {
		"0": "animated_java:blueprint/eggo/eggo",
		"particle": "minecraft:item/pufferfish"
	},
	"display": {
		"head": {
			"rotation": [0, 180, 0]
		}
	},
	"elements": [
		{
			"from": [4, 8, 3],
			"to": [12, 19, 11],
			"rotation": {
				"angle": 0,
				"axis": "y",
				"origin": [8, 8, 8]
			},
			"faces": {
				"north": {
					"uv": [8, 8.5, 12, 14],
					"texture": "#0"
				},
				"east": {
					"uv": [8, 8.5, 12, 14],
					"texture": "#0"
				},
				"south": {
					"uv": [8, 8.5, 12, 14],
					"texture": "#0"
				},
				"west": {
					"uv": [8, 8.5, 12, 14],
					"texture": "#0"
				},
				"up": {
					"uv": [12, 12.5, 8, 8.5],
					"texture": "#0"
				},
				"down": {
					"uv": [12, 10, 8, 14],
					"texture": "#0"
				}
			}
		},
		{
			"from": [4, 8, 3],
			"to": [12, 19, 11],
			"rotation": {
				"angle": 0,
				"axis": "y",
				"origin": [8, 8, 8]
			},
			"faces": {
				"north": {
					"uv": [8, 8.5, 12, 14],
					"texture": "#0"
				},
				"east": {
					"uv": [8, 8.5, 12, 14],
					"texture": "#0"
				},
				"south": {
					"uv": [8, 8.5, 12, 14],
					"texture": "#0"
				},
				"west": {
					"uv": [8, 8.5, 12, 14],
					"texture": "#0"
				},
				"up": {
					"uv": [12, 12.5, 8, 8.5],
					"texture": "#0"
				},
				"down": {
					"uv": [12, 10, 8, 14],
					"texture": "#0"
				}
			}
		},
		{
			"from": [5, 8, 4],
			"to": [11, 20, 10],
			"rotation": {
				"angle": 0,
				"axis": "y",
				"origin": [8, 8, 8]
			},
			"faces": {
				"north": {
					"uv": [8, 8.5, 12, 14],
					"texture": "#0"
				},
				"east": {
					"uv": [8, 8.5, 12, 14],
					"texture": "#0"
				},
				"south": {
					"uv": [8, 8.5, 12, 14],
					"texture": "#0"
				},
				"west": {
					"uv": [8, 8.5, 12, 14],
					"texture": "#0"
				},
				"up": {
					"uv": [12, 12.5, 8, 8.5],
					"texture": "#0"
				},
				"down": {
					"uv": [12, 10, 8, 14],
					"texture": "#0"
				}
			}
		},
		{
			"from": [3, 9, 2],
			"to": [13, 17, 12],
			"rotation": {
				"angle": 0,
				"axis": "y",
				"origin": [8, 8, 8]
			},
			"faces": {
				"north": {
					"uv": [8, 8.5, 12, 14],
					"texture": "#0"
				},
				"east": {
					"uv": [8, 8.5, 12, 14],
					"texture": "#0"
				},
				"south": {
					"uv": [8, 8.5, 12, 14],
					"texture": "#0"
				},
				"west": {
					"uv": [8, 8.5, 12, 14],
					"texture": "#0"
				},
				"up": {
					"uv": [12, 12.5, 8, 8.5],
					"texture": "#0"
				},
				"down": {
					"uv": [12, 10, 8, 14],
					"texture": "#0"
				}
			}
		}
	]
}